chr	start	end	cell.fraction	total	minor
1	69594	248918428	1	2	1
2	45495	241253366	1	2	1
3	326074	89472630	0.439535563862971	1	0
3	89479494	198169826	0.361582500301732	3	1
4	85992	49050705	0.439535563862971	1	0
4	51848276	73611788	0.361582500301732	3	1
4	73615953	100479986	0.439535563862971	2	0
4	101026045	101895346	0.217283923411286	3	NA
4	101918130	145144411	0.262005464589216	4	2
4	145146263	184153744	0.439535563862971	2	0
4	184217607	189957383	0.430938958340836	3	1
5	140601	45396681	0.361582500301732	3	1
5	45695954	181260211	0.439535563862971	1	0
6	292474	32323630	0.439535563862971	1	0
6	32332096	170583765	1	2	1
7	193673	159142589	1	2	1
8	240890	458576	NA	2	NA
8	463193	104497967	1	2	1
8	104499456	145054093	0.430938958340836	3	1
9	12705	32405591	0.439535563862971	1	0
9	32408614	68304066	1	2	1
9	68357193	138220933	0.430938958340836	3	1
10	47447	133626771	1	2	1
11	193045	134387723	1	2	1
12	66973	133234117	1	2	1
13	19173898	114326251	0.439535563862971	1	0
14	18601195	106287630	1	2	1
15	20284161	101966162	1	2	1
16	17162	90106387	1	2	1
17	156187	519081	NA	2	NA
17	519901	15717167	0.439535563862971	2	0
17	15735471	83094652	1	2	1
18	117340	20953676	0.439535563862971	3	1
18	20954845	80202756	1	2	1
19	281534	58571272	1	2	1
20	87755	64273492	1	2	1
21	9068483	46664370	0.439535563862971	1	0
22	16591009	20489221	1	2	1
22	20508359	21283402	0.439535563862971	10	NA
22	21388395	50777958	0.430938958340836	3	1
